tipo,media,mediana
caseros,64037.7474730108,50650.124
caseros (excluye rentas alq.),56175.667900286,44340.007
inquilinos,29619.0093472764,21655.8126
prop. sin rentas alq.,36570.8890515312,29841
todos,36782.6615344319,28647.36
