Category,Frequency,Percentage
CASERO,1711515.777185,9.62230764948851
INQUILINO,3573404.213153,20.0900249669273
PROPIETARIO_SIN,12502037.562157,70.2876673835842
