Category,Frequency,Percentage
CASERO,1467384.144267,8.36458248513693
INQUILINO,3573404.213153,20.3696042446915
PROPIETARIO_SIN,12502037.562157,71.2658132701716
