Category,Frequency,Percentage
CASERO,1467384.144267,7.8
INQUILINO,3573404.213153,18.99
PROPIETARIO,12502037.562157,66.42
RESTO,1278819.074157,6.79
