niveles,caseros,inquilinos
hasta 16275.4804,0.0652180264669186,0.3627586801057
entre 16275.4804 y 28647.36,0.11811050700478,0.288688220716423
entre 28647.36 y 45059.91,0.224678830876144,0.205039225445529
mas de 45059.91,0.591992635652158,0.143513873732348
