Category,Frequency,Percentage
CASERO,1255904.03946007,5.8166622592104
INQUILINO,10795744.9091307,50
PROPIETARIO_SIN,9539840.86967065,44.1833377407896
